{"cameraMode":{"drawMode":0,"name":"Shaded","section":"Shading Mode"},"sceneLighting":true,"audioPlay":false,"sceneViewState":{"showFog":true,"showMaterialUpdate":false,"showSkybox":true,"showFlares":true,"showImageEffects":true,"showParticleSystems":true},"in2DMode":false,"pivot":{"x":22.058094024658204,"y":-79.12467956542969,"z":85.87484741210938},"rotation":{"x":-0.39361119270324709,"y":-0.054558709263801578,"z":0.02340678684413433,"w":-0.9173634052276611},"size":70.71067810058594,"orthographic":false}