{"cameraMode":{"drawMode":0,"name":"Shaded","section":"Shading Mode"},"sceneLighting":true,"audioPlay":false,"sceneViewState":{"showFog":true,"showMaterialUpdate":false,"showSkybox":true,"showFlares":true,"showImageEffects":true,"showParticleSystems":true},"in2DMode":false,"pivot":{"x":19.288677215576173,"y":23.802989959716798,"z":19.48727035522461},"rotation":{"x":-0.5267906188964844,"y":-0.08965479582548142,"z":0.05599655210971832,"w":-0.8434072136878967},"size":10.0,"orthographic":false}